accuracy,macro_f1,weighted_f1,supported_f1,mild_scope_f1,strong_action_f1,contradiction_f1,strong_precision,strong_recall,strong_positive_f1,escalation_macro_f1,contradiction_positive_f1,setting,n_eval
0.463302752293578,0.4355965315203363,0.4355965315203362,0.4897959183673469,0.1388888888888889,0.3968871595330739,0.7168141592920354,0.34459459459459457,0.46788990825688076,0.3968871595330739,0.6452169384500211,0.7168141592920354,oracle,436
0.37155963302752293,0.35212813856702024,0.35212813856702024,0.39862542955326463,0.22564102564102564,0.21656050955414013,0.5676855895196506,0.3541666666666667,0.1559633027522936,0.21656050955414013,0.5487103051380782,0.5676855895196506,bm25_top1,436
0.3555045871559633,0.31126384537310803,0.31126384537310803,0.3741935483870968,0.29411764705882354,0.0,0.5767441860465117,0.0,0.0,0.0,0.5144989094248651,0.5767441860465117,bm25_top3,436
0.3256880733944954,0.28097862364941284,0.28097862364941284,0.3685800604229607,0.26244343891402716,0.0,0.4928909952606635,0.0,0.0,0.0,0.49112921690279276,0.4928909952606635,bm25_top5,436
