{
  "oracle_evidence_strong_action": {
    "precision": 0.375,
    "recall": 0.10810810810810811,
    "f1": 0.16783216783216784,
    "tp": 12,
    "fp": 20,
    "fn": 99
  },
  "retrieved_top1_strong_action": {
    "precision": 0.4,
    "recall": 0.09009009009009009,
    "f1": 0.14705882352941177,
    "tp": 10,
    "fp": 15,
    "fn": 101
  },
  "retrieved_top3_strong_action": {
    "precision": 0.38095238095238093,
    "recall": 0.14414414414414414,
    "f1": 0.20915032679738563,
    "tp": 16,
    "fp": 26,
    "fn": 95
  },
  "oracle_vs_retrieved_top1_recall_gap": 0.01801801801801803,
  "oracle_vs_retrieved_top1_f1_gap": 0.02077334430275607,
  "retrieval_failure_count": 126,
  "retrieval_failure_rate": 0.28378378378378377,
  "screening_failure_after_good_retrieval_count": 15,
  "screening_failure_after_good_retrieval_rate": 0.04716981132075472,
  "note": "Cue-based proxy screening, not full R4. R4 frozen predictions are aggregate-only and cannot be reused per-candidate."
}