{
  "flat4_macro_f1": 0.5299431919150228,
  "flat4_supported_f1": 0.704225352112676,
  "flat4_mild_f1": 0.48148148148148145,
  "flat4_strong_f1": 0.07692307692307693,
  "flat4_contradiction_f1": 0.8571428571428571,
  "strong_positive_f1": 0.07692307692307693,
  "strong_precision": 1.0,
  "strong_recall": 0.04,
  "escalation_macro_f1": 0.7707173272191288,
  "contradiction_positive_f1": 0.8571428571428571,
  "accuracy": 0.6,
  "n_valid": 100,
  "valid_rate": 1.0,
  "evidence_used_rate": 1.0,
  "uncertain_rate": 0.0,
  "mean_confidence": 0.9655000000000001,
  "support_vs_non_support_macro_f1": 0.7707173272191288
}