method,n_valid,strong_tp,strong_fp,strong_fn,strong_tn,strong_precision,strong_recall,strong_f1,review_burden,review_burden_rate,macro_f1
rigourate_style_rule_scalar,100,3,16,22,59,0.15789473684210525,0.12,0.13636363636363635,19,0.19,0.2591182314952807
gpt_standard,100,1,0,24,75,1.0,0.04,0.07692307692307693,1,0.01,0.5522664835164834
gpt_structured,100,1,0,24,75,1.0,0.04,0.07692307692307693,1,0.01,0.5543293369597476
deepseek_v3,100,1,0,24,75,1.0,0.04,0.07692307692307693,1,0.01,0.5247649572649573
r4_frozen,100,9,26,16,49,0.2571428571428571,0.36,0.3,35,0.35,0.32798319327731096
