prevalence,n_positives,n_negatives_simulated,n_population,recall_mean,precision_mean,positive_f1_mean,fp_tp_mean,fp_tp_median,nnr_mean,review_burden_mean,n_bootstrap
0.01,109,10791,10900,0.330275229357798,0.01674936511049536,0.03188133534814219,58.726444444444446,58.72222222222222,59.726444444444446,0.1972616513761468,1000
0.03,109,3524,3633,0.330275229357798,0.04962271950851603,0.08627166392404409,19.17311111111111,19.13888888888889,20.17311111111111,0.1998987063033306,1000
0.05,109,2071,2180,0.330275229357798,0.08184161716512695,0.13114246860215212,11.23925,11.25,12.23925,0.20211605504587157,1000
0.1,109,981,1090,0.330275229357798,0.15796736946651815,0.21358182551324986,5.348555555555555,5.333333333333333,6.348555555555555,0.2096770642201835,1000
0.15,109,618,727,0.330275229357798,0.2302920932696833,0.271090887851978,3.3604722222222225,3.361111111111111,4.3604722222222225,0.21592434662998622,1000
0.2,109,436,545,0.330275229357798,0.2988685743589328,0.31340672946323794,2.3621944444444445,2.361111111111111,3.3621944444444445,0.22208990825688077,1000
