{
  "n_claims": 444,
  "n_pdfs_total": 69,
  "n_pdfs_found": 69,
  "pdf_coverage_rate": 1.0,
  "n_chunks": 4747,
  "extraction_success_rate": 1.0,
  "oracle_match_rate": 0.990990990990991,
  "recall_at_1": 0.7162162162162162,
  "recall_at_3": 0.9391891891891891,
  "recall_at_5": 0.972972972972973,
  "recall_at_10": 0.9797297297297297,
  "recall_at_20": 0.9797297297297297,
  "mrr": 0.8261100386100384,
  "same_paper_hit_rate_at_1": 0.9797297297297297,
  "label_wise_recall_at_10": {
    "supported": 0.9819819819819819,
    "mild_scope_overclaim": 0.9819819819819819,
    "strong_action_overclaim": 0.990990990990991,
    "contradiction_candidate": 0.963963963963964
  },
  "strong_action_recall_at_10": 0.990990990990991,
  "bm25_params": {
    "k1": 1.5,
    "b": 0.75,
    "top_k": 20
  },
  "chunk_params": {
    "chunk_words": 200,
    "overlap": 50
  }
}