condition,mean_similarity,std_similarity,median_similarity,ci_low,ci_high,n_empty_evidence,flat_4class_accuracy,escalation_binary_accuracy
correct_evidence,0.41306759160754003,0.15086000138128536,0.4120350468009857,0.11684995834050374,0.7054130083206691,0,0.4324324324324324,0.7094594594594594
empty_evidence,0.0,0.0,0.0,0.0,0.0,444,0.2545045045045045,0.4797297297297297
shuffled_evidence,0.41306759160754003,0.15086000138128536,0.4120350468009857,0.11684995834050374,0.7054130083206691,0,0.3851351351351351,0.6554054054054054
same_domain_wrong_evidence,0.012424659599408486,0.024064630871917132,0.0,0.0,0.08743421460690762,0,0.2567567567567567,0.4977477477477477
cross_domain_wrong_evidence,0.007804730183794681,0.01773177045744989,0.0,0.0,0.06371951961156576,0,0.2387387387387387,0.5247747747747747
same_paper_wrong_evidence,0.023607042537710086,0.040217937366727984,0.0,0.0,0.12295934395982243,0,0.2432432432432432,0.4797297297297297
title_only_evidence,0.10515236239014554,0.10470105093087334,0.08482925470918272,0.0,0.37594745452348366,0,0.2657657657657657,0.5067567567567568
